round_epochs,val_loss,val_accuracy,loss,accuracy,activation,batch_size,dropout,epochs,flatten_layer,kernel_size,last_activation,losses,lr,num_filters,optimizer
5,0.6826706239507855,0.5873221158981323,0.6345397459753209,0.64170825,<function relu at 0x1370a5d90>,64,0.0,5,100,1,<function sigmoid at 0x1370a5ea0>,<function binary_crossentropy at 0x137054730>,0.2,64,<class 'keras.optimizers.Adam'>
5,0.6987940979034749,0.5420439839363098,0.6071699412412532,0.6860788,<function relu at 0x1370a5d90>,64,0.0,5,100,1,<function sigmoid at 0x1370a5ea0>,<function binary_crossentropy at 0x137054730>,0.2,128,<class 'keras.optimizers.Adam'>
5,0.6879372875872436,0.5705045461654663,0.5931975380024246,0.7054908,<function relu at 0x1370a5d90>,64,0.0,5,100,1,<function sigmoid at 0x1370a5ea0>,<function binary_crossentropy at 0x137054730>,0.6000000000000001,64,<class 'keras.optimizers.Adam'>
5,0.7235830832961923,0.5627425909042358,0.5263773335130494,0.7709373,<function relu at 0x1370a5d90>,64,0.0,5,100,1,<function sigmoid at 0x1370a5ea0>,<function binary_crossentropy at 0x137054730>,0.6000000000000001,128,<class 'keras.optimizers.Adam'>
5,0.6872039167415278,0.5523932576179504,0.6220619475517548,0.6483638,<function relu at 0x1370a5d90>,64,0.0,5,100,2,<function sigmoid at 0x1370a5ea0>,<function binary_crossentropy at 0x137054730>,0.2,64,<class 'keras.optimizers.Adam'>
5,0.6921182065855177,0.5498059391975403,0.5959521871901061,0.7077094,<function relu at 0x1370a5d90>,64,0.0,5,100,2,<function sigmoid at 0x1370a5ea0>,<function binary_crossentropy at 0x137054730>,0.2,128,<class 'keras.optimizers.Adam'>
5,0.6937401350226162,0.5549805760383606,0.5821416592240929,0.71824735,<function relu at 0x1370a5d90>,64,0.0,5,100,2,<function sigmoid at 0x1370a5ea0>,<function binary_crossentropy at 0x137054730>,0.6000000000000001,64,<class 'keras.optimizers.Adam'>
5,0.7458961400917863,0.5329883694648743,0.5011574354227292,0.7742651,<function relu at 0x1370a5d90>,64,0.0,5,100,2,<function sigmoid at 0x1370a5ea0>,<function binary_crossentropy at 0x137054730>,0.6000000000000001,128,<class 'keras.optimizers.Adam'>
5,0.6933394846293165,0.5627425909042358,0.6271841906866495,0.66444814,<function relu at 0x1370a5d90>,64,0.0,5,100,3,<function sigmoid at 0x1370a5ea0>,<function binary_crossentropy at 0x137054730>,0.2,64,<class 'keras.optimizers.Adam'>
5,0.6954401725322432,0.5679172277450562,0.5852224655238641,0.7132557,<function relu at 0x1370a5d90>,64,0.0,5,100,3,<function sigmoid at 0x1370a5ea0>,<function binary_crossentropy at 0x137054730>,0.2,128,<class 'keras.optimizers.Adam'>
5,0.725852847407737,0.5226390957832336,0.5661504176412764,0.71769273,<function relu at 0x1370a5d90>,64,0.0,5,100,3,<function sigmoid at 0x1370a5ea0>,<function binary_crossentropy at 0x137054730>,0.6000000000000001,64,<class 'keras.optimizers.Adam'>
5,0.744855358868953,0.5562742352485657,0.5248601615627276,0.7559623,<function relu at 0x1370a5d90>,64,0.0,5,100,3,<function sigmoid at 0x1370a5ea0>,<function binary_crossentropy at 0x137054730>,0.6000000000000001,128,<class 'keras.optimizers.Adam'>
5,0.699067858181518,0.54463130235672,0.6308590008428344,0.63782585,<function relu at 0x1370a5d90>,64,0.0,5,150,1,<function sigmoid at 0x1370a5ea0>,<function binary_crossentropy at 0x137054730>,0.2,64,<class 'keras.optimizers.Adam'>
5,0.6904992414939604,0.5666235685348511,0.6043851960716946,0.687188,<function relu at 0x1370a5d90>,64,0.0,5,150,1,<function sigmoid at 0x1370a5ea0>,<function binary_crossentropy at 0x137054730>,0.2,128,<class 'keras.optimizers.Adam'>
5,0.7126344650559715,0.5523932576179504,0.5847598481065884,0.69495285,<function relu at 0x1370a5d90>,64,0.0,5,150,1,<function sigmoid at 0x1370a5ea0>,<function binary_crossentropy at 0x137054730>,0.6000000000000001,64,<class 'keras.optimizers.Adam'>
5,0.7462134774567085,0.508408784866333,0.5067548798939551,0.7792568,<function relu at 0x1370a5d90>,64,0.0,5,150,1,<function sigmoid at 0x1370a5ea0>,<function binary_crossentropy at 0x137054730>,0.6000000000000001,128,<class 'keras.optimizers.Adam'>
5,0.6822104942906566,0.5381630063056946,0.6281117880866717,0.651137,<function relu at 0x1370a5d90>,64,0.0,5,150,2,<function sigmoid at 0x1370a5ea0>,<function binary_crossentropy at 0x137054730>,0.2,64,<class 'keras.optimizers.Adam'>
5,0.6905982687124768,0.5782665014266968,0.5902475678980251,0.7077094,<function relu at 0x1370a5d90>,64,0.0,5,150,2,<function sigmoid at 0x1370a5ea0>,<function binary_crossentropy at 0x137054730>,0.2,128,<class 'keras.optimizers.Adam'>
5,0.7267929285494815,0.5200517177581787,0.5643796038773082,0.71824735,<function relu at 0x1370a5d90>,64,0.0,5,150,2,<function sigmoid at 0x1370a5ea0>,<function binary_crossentropy at 0x137054730>,0.6000000000000001,64,<class 'keras.optimizers.Adam'>
5,0.728127029241288,0.5730918645858765,0.5070773029221605,0.7698281,<function relu at 0x1370a5d90>,64,0.0,5,150,2,<function sigmoid at 0x1370a5ea0>,<function binary_crossentropy at 0x137054730>,0.6000000000000001,128,<class 'keras.optimizers.Adam'>
5,0.6839266403989064,0.5549805760383606,0.6291747766604241,0.6389351,<function relu at 0x1370a5d90>,64,0.0,5,150,3,<function sigmoid at 0x1370a5ea0>,<function binary_crossentropy at 0x137054730>,0.2,64,<class 'keras.optimizers.Adam'>
5,0.6900161495492498,0.5782665014266968,0.592651581440247,0.70216304,<function relu at 0x1370a5d90>,64,0.0,5,150,3,<function sigmoid at 0x1370a5ea0>,<function binary_crossentropy at 0x137054730>,0.2,128,<class 'keras.optimizers.Adam'>
5,0.7151220344479303,0.5420439839363098,0.5819369019962191,0.7066001,<function relu at 0x1370a5d90>,64,0.0,5,150,3,<function sigmoid at 0x1370a5ea0>,<function binary_crossentropy at 0x137054730>,0.6000000000000001,64,<class 'keras.optimizers.Adam'>
5,0.7577401127034912,0.5304010510444641,0.49415875267995707,0.7848031,<function relu at 0x1370a5d90>,64,0.0,5,150,3,<function sigmoid at 0x1370a5ea0>,<function binary_crossentropy at 0x137054730>,0.6000000000000001,128,<class 'keras.optimizers.Adam'>
10,0.6890858054006855,0.561448872089386,0.5992929332797156,0.6833056,<function relu at 0x1370a5d90>,64,0.0,10,100,1,<function sigmoid at 0x1370a5ea0>,<function binary_crossentropy at 0x137054730>,0.2,64,<class 'keras.optimizers.Adam'>
10,0.7193445303461684,0.5316947102546692,0.5475330501877461,0.74930674,<function relu at 0x1370a5d90>,64,0.0,10,100,1,<function sigmoid at 0x1370a5ea0>,<function binary_crossentropy at 0x137054730>,0.2,128,<class 'keras.optimizers.Adam'>
10,0.7628323486674804,0.5174643993377686,0.4663156719090075,0.79866886,<function relu at 0x1370a5d90>,64,0.0,10,100,1,<function sigmoid at 0x1370a5ea0>,<function binary_crossentropy at 0x137054730>,0.6000000000000001,64,<class 'keras.optimizers.Adam'>
10,0.7925648887823655,0.5420439839363098,0.36515305433019424,0.8768719,<function relu at 0x1370a5d90>,64,0.0,10,100,1,<function sigmoid at 0x1370a5ea0>,<function binary_crossentropy at 0x137054730>,0.6000000000000001,128,<class 'keras.optimizers.Adam'>
10,0.7097884641736167,0.5666235685348511,0.5796271092813675,0.7088186,<function relu at 0x1370a5d90>,64,0.0,10,100,2,<function sigmoid at 0x1370a5ea0>,<function binary_crossentropy at 0x137054730>,0.2,64,<class 'keras.optimizers.Adam'>
10,0.7244464480553068,0.5433376431465149,0.5058397018638374,0.77981144,<function relu at 0x1370a5d90>,64,0.0,10,100,2,<function sigmoid at 0x1370a5ea0>,<function binary_crossentropy at 0x137054730>,0.2,128,<class 'keras.optimizers.Adam'>
10,0.8196023091924453,0.5549805760383606,0.42302180338223244,0.8313921,<function relu at 0x1370a5d90>,64,0.0,10,100,2,<function sigmoid at 0x1370a5ea0>,<function binary_crossentropy at 0x137054730>,0.6000000000000001,64,<class 'keras.optimizers.Adam'>
10,0.914125502263744,0.5304010510444641,0.2561327994894598,0.9195785,<function relu at 0x1370a5d90>,64,0.0,10,100,2,<function sigmoid at 0x1370a5ea0>,<function binary_crossentropy at 0x137054730>,0.6000000000000001,128,<class 'keras.optimizers.Adam'>
10,0.698161088325382,0.565329909324646,0.5748793306908737,0.7249029,<function relu at 0x1370a5d90>,64,0.0,10,100,3,<function sigmoid at 0x1370a5ea0>,<function binary_crossentropy at 0x137054730>,0.2,64,<class 'keras.optimizers.Adam'>
10,0.7213587414709439,0.5782665014266968,0.46834279670360945,0.8325014,<function relu at 0x1370a5d90>,64,0.0,10,100,3,<function sigmoid at 0x1370a5ea0>,<function binary_crossentropy at 0x137054730>,0.2,128,<class 'keras.optimizers.Adam'>
10,0.8569736560134344,0.5472186207771301,0.376288233600718,0.8574598,<function relu at 0x1370a5d90>,64,0.0,10,100,3,<function sigmoid at 0x1370a5ea0>,<function binary_crossentropy at 0x137054730>,0.6000000000000001,64,<class 'keras.optimizers.Adam'>
10,1.0215633768313606,0.5588615536689758,0.2405380210526705,0.92235166,<function relu at 0x1370a5d90>,64,0.0,10,100,3,<function sigmoid at 0x1370a5ea0>,<function binary_crossentropy at 0x137054730>,0.6000000000000001,128,<class 'keras.optimizers.Adam'>
10,0.6920621123690192,0.5420439839363098,0.5953015374000113,0.7049362,<function relu at 0x1370a5d90>,64,0.0,10,150,1,<function sigmoid at 0x1370a5ea0>,<function binary_crossentropy at 0x137054730>,0.2,64,<class 'keras.optimizers.Adam'>
10,0.7182131399621013,0.5730918645858765,0.5197201632190531,0.7698281,<function relu at 0x1370a5d90>,64,0.0,10,150,1,<function sigmoid at 0x1370a5ea0>,<function binary_crossentropy at 0x137054730>,0.2,128,<class 'keras.optimizers.Adam'>
10,0.8101912715302402,0.5472186207771301,0.4354286793365256,0.82972825,<function relu at 0x1370a5d90>,64,0.0,10,150,1,<function sigmoid at 0x1370a5ea0>,<function binary_crossentropy at 0x137054730>,0.6000000000000001,64,<class 'keras.optimizers.Adam'>
10,0.8874985167002462,0.5420439839363098,0.31083939963754387,0.89406544,<function relu at 0x1370a5d90>,64,0.0,10,150,1,<function sigmoid at 0x1370a5ea0>,<function binary_crossentropy at 0x137054730>,0.6000000000000001,128,<class 'keras.optimizers.Adam'>
10,0.7050555547335478,0.5498059391975403,0.5802501070453138,0.69661677,<function relu at 0x1370a5d90>,64,0.0,10,150,2,<function sigmoid at 0x1370a5ea0>,<function binary_crossentropy at 0x137054730>,0.2,64,<class 'keras.optimizers.Adam'>
10,0.7424739196723059,0.5420439839363098,0.5001821308683436,0.7964504,<function relu at 0x1370a5d90>,64,0.0,10,150,2,<function sigmoid at 0x1370a5ea0>,<function binary_crossentropy at 0x137054730>,0.2,128,<class 'keras.optimizers.Adam'>
10,0.7930434213572918,0.5769728422164917,0.41358281114137113,0.8419301,<function relu at 0x1370a5d90>,64,0.0,10,150,2,<function sigmoid at 0x1370a5ea0>,<function binary_crossentropy at 0x137054730>,0.6000000000000001,64,<class 'keras.optimizers.Adam'>
10,1.0897487994153319,0.5679172277450562,0.22099484148715776,0.9395452,<function relu at 0x1370a5d90>,64,0.0,10,150,2,<function sigmoid at 0x1370a5ea0>,<function binary_crossentropy at 0x137054730>,0.6000000000000001,128,<class 'keras.optimizers.Adam'>
10,0.7141738048963066,0.5472186207771301,0.5616587878298376,0.72323906,<function relu at 0x1370a5d90>,64,0.0,10,150,3,<function sigmoid at 0x1370a5ea0>,<function binary_crossentropy at 0x137054730>,0.2,64,<class 'keras.optimizers.Adam'>
10,0.7332412375746846,0.5342820286750793,0.4845602827077433,0.79866886,<function relu at 0x1370a5d90>,64,0.0,10,150,3,<function sigmoid at 0x1370a5ea0>,<function binary_crossentropy at 0x137054730>,0.2,128,<class 'keras.optimizers.Adam'>
10,0.8670570606710377,0.5213454365730286,0.3862576784356329,0.84137547,<function relu at 0x1370a5d90>,64,0.0,10,150,3,<function sigmoid at 0x1370a5ea0>,<function binary_crossentropy at 0x137054730>,0.6000000000000001,64,<class 'keras.optimizers.Adam'>
10,1.1536603699526224,0.54463130235672,0.22201580876981425,0.9229063,<function relu at 0x1370a5d90>,64,0.0,10,150,3,<function sigmoid at 0x1370a5ea0>,<function binary_crossentropy at 0x137054730>,0.6000000000000001,128,<class 'keras.optimizers.Adam'>
15,0.7116507754443071,0.561448872089386,0.5475353146022516,0.744315,<function relu at 0x1370a5d90>,64,0.0,15,100,1,<function sigmoid at 0x1370a5ea0>,<function binary_crossentropy at 0x137054730>,0.2,64,<class 'keras.optimizers.Adam'>
15,0.7285903422366755,0.5433376431465149,0.45781176049247824,0.8341653,<function relu at 0x1370a5d90>,64,0.0,15,100,1,<function sigmoid at 0x1370a5ea0>,<function binary_crossentropy at 0x137054730>,0.2,128,<class 'keras.optimizers.Adam'>
15,0.8704401956338623,0.5174643993377686,0.3418118650557528,0.8779811,<function relu at 0x1370a5d90>,64,0.0,15,100,1,<function sigmoid at 0x1370a5ea0>,<function binary_crossentropy at 0x137054730>,0.6000000000000001,64,<class 'keras.optimizers.Adam'>
15,1.0248991459955066,0.5135834217071533,0.16982188077020566,0.96672213,<function relu at 0x1370a5d90>,64,0.0,15,100,1,<function sigmoid at 0x1370a5ea0>,<function binary_crossentropy at 0x137054730>,0.6000000000000001,128,<class 'keras.optimizers.Adam'>
15,0.7236386245311771,0.529107391834259,0.5222930562410233,0.77260125,<function relu at 0x1370a5d90>,64,0.0,15,100,2,<function sigmoid at 0x1370a5ea0>,<function binary_crossentropy at 0x137054730>,0.2,64,<class 'keras.optimizers.Adam'>
15,0.7474934855839876,0.5265200734138489,0.4276794561464391,0.8474764,<function relu at 0x1370a5d90>,64,0.0,15,100,2,<function sigmoid at 0x1370a5ea0>,<function binary_crossentropy at 0x137054730>,0.2,128,<class 'keras.optimizers.Adam'>
15,1.034663670083067,0.5472186207771301,0.24385471340357695,0.93288964,<function relu at 0x1370a5d90>,64,0.0,15,100,2,<function sigmoid at 0x1370a5ea0>,<function binary_crossentropy at 0x137054730>,0.6000000000000001,64,<class 'keras.optimizers.Adam'>
15,1.3293100422751858,0.5510995984077454,0.06397737652431147,0.9933444,<function relu at 0x1370a5d90>,64,0.0,15,100,2,<function sigmoid at 0x1370a5ea0>,<function binary_crossentropy at 0x137054730>,0.6000000000000001,128,<class 'keras.optimizers.Adam'>
15,0.7306875772340485,0.5640362501144409,0.5149558828363667,0.77592903,<function relu at 0x1370a5d90>,64,0.0,15,100,3,<function sigmoid at 0x1370a5ea0>,<function binary_crossentropy at 0x137054730>,0.2,64,<class 'keras.optimizers.Adam'>
15,0.8086859069157387,0.5433376431465149,0.33594062134284675,0.90127563,<function relu at 0x1370a5d90>,64,0.0,15,100,3,<function sigmoid at 0x1370a5ea0>,<function binary_crossentropy at 0x137054730>,0.2,128,<class 'keras.optimizers.Adam'>
15,1.17267847500674,0.5485122799873352,0.1812262727248292,0.94398224,<function relu at 0x1370a5d90>,64,0.0,15,100,3,<function sigmoid at 0x1370a5ea0>,<function binary_crossentropy at 0x137054730>,0.6000000000000001,64,<class 'keras.optimizers.Adam'>
15,1.5303747430347379,0.5549805760383606,0.05532958109966927,0.9916805,<function relu at 0x1370a5d90>,64,0.0,15,100,3,<function sigmoid at 0x1370a5ea0>,<function binary_crossentropy at 0x137054730>,0.6000000000000001,128,<class 'keras.optimizers.Adam'>
15,0.7032436497923936,0.5692108869552612,0.5237952766653834,0.7670549,<function relu at 0x1370a5d90>,64,0.0,15,150,1,<function sigmoid at 0x1370a5ea0>,<function binary_crossentropy at 0x137054730>,0.2,64,<class 'keras.optimizers.Adam'>
15,0.7433620459203732,0.5433376431465149,0.4425161353297453,0.8313921,<function relu at 0x1370a5d90>,64,0.0,15,150,1,<function sigmoid at 0x1370a5ea0>,<function binary_crossentropy at 0x137054730>,0.2,128,<class 'keras.optimizers.Adam'>
15,0.9558867440495115,0.5122897624969482,0.29840823888977036,0.9107044,<function relu at 0x1370a5d90>,64,0.0,15,150,1,<function sigmoid at 0x1370a5ea0>,<function binary_crossentropy at 0x137054730>,0.6000000000000001,64,<class 'keras.optimizers.Adam'>
15,1.1344184378911422,0.54463130235672,0.15201004977630894,0.97559625,<function relu at 0x1370a5d90>,64,0.0,15,150,1,<function sigmoid at 0x1370a5ea0>,<function binary_crossentropy at 0x137054730>,0.6000000000000001,128,<class 'keras.optimizers.Adam'>
15,0.7312912282474908,0.5316947102546692,0.513973558868095,0.79145867,<function relu at 0x1370a5d90>,64,0.0,15,150,2,<function sigmoid at 0x1370a5ea0>,<function binary_crossentropy at 0x137054730>,0.2,64,<class 'keras.optimizers.Adam'>
15,0.7996459867790785,0.5640362501144409,0.38794156664355356,0.8702163,<function relu at 0x1370a5d90>,64,0.0,15,150,2,<function sigmoid at 0x1370a5ea0>,<function binary_crossentropy at 0x137054730>,0.2,128,<class 'keras.optimizers.Adam'>
15,1.1075426545018212,0.5200517177581787,0.22188495009459858,0.9417637,<function relu at 0x1370a5d90>,64,0.0,15,150,2,<function sigmoid at 0x1370a5ea0>,<function binary_crossentropy at 0x137054730>,0.6000000000000001,64,<class 'keras.optimizers.Adam'>
15,1.4047142854020636,0.561448872089386,0.057256195059896375,0.9927898,<function relu at 0x1370a5d90>,64,0.0,15,150,2,<function sigmoid at 0x1370a5ea0>,<function binary_crossentropy at 0x137054730>,0.6000000000000001,128,<class 'keras.optimizers.Adam'>
15,0.7430001188835845,0.54463130235672,0.4898188940135228,0.78757626,<function relu at 0x1370a5d90>,64,0.0,15,150,3,<function sigmoid at 0x1370a5ea0>,<function binary_crossentropy at 0x137054730>,0.2,64,<class 'keras.optimizers.Adam'>
15,0.8005460428620989,0.5666235685348511,0.3475905891034713,0.8879645,<function relu at 0x1370a5d90>,64,0.0,15,150,3,<function sigmoid at 0x1370a5ea0>,<function binary_crossentropy at 0x137054730>,0.2,128,<class 'keras.optimizers.Adam'>
15,1.1570788284554057,0.5640362501144409,0.14079750744554642,0.97060454,<function relu at 0x1370a5d90>,64,0.0,15,150,3,<function sigmoid at 0x1370a5ea0>,<function binary_crossentropy at 0x137054730>,0.6000000000000001,64,<class 'keras.optimizers.Adam'>
15,1.5368359046295421,0.5485122799873352,0.05767385941360371,0.9889074,<function relu at 0x1370a5d90>,64,0.0,15,150,3,<function sigmoid at 0x1370a5ea0>,<function binary_crossentropy at 0x137054730>,0.6000000000000001,128,<class 'keras.optimizers.Adam'>
5,0.6854990436219613,0.5808538198471069,0.660758839867476,0.6100943,<function relu at 0x1370a5d90>,64,0.25,5,100,1,<function sigmoid at 0x1370a5ea0>,<function binary_crossentropy at 0x137054730>,0.2,64,<class 'keras.optimizers.Adam'>
5,0.6905945005114605,0.5847347974777222,0.6334493675631282,0.6461453,<function relu at 0x1370a5d90>,64,0.25,5,100,1,<function sigmoid at 0x1370a5ea0>,<function binary_crossentropy at 0x137054730>,0.2,128,<class 'keras.optimizers.Adam'>
5,0.6867291376785042,0.5769728422164917,0.6360968203592221,0.6394897,<function relu at 0x1370a5d90>,64,0.25,5,100,1,<function sigmoid at 0x1370a5ea0>,<function binary_crossentropy at 0x137054730>,0.6000000000000001,64,<class 'keras.optimizers.Adam'>
5,0.7053240734269363,0.5562742352485657,0.5901236816108458,0.6971714,<function relu at 0x1370a5d90>,64,0.25,5,100,1,<function sigmoid at 0x1370a5ea0>,<function binary_crossentropy at 0x137054730>,0.6000000000000001,128,<class 'keras.optimizers.Adam'>
5,0.6920970340595517,0.5394566655158997,0.6577594684549524,0.59401,<function relu at 0x1370a5d90>,64,0.25,5,100,2,<function sigmoid at 0x1370a5ea0>,<function binary_crossentropy at 0x137054730>,0.2,64,<class 'keras.optimizers.Adam'>
5,0.6807326723039536,0.5782665014266968,0.635241784258677,0.6278425,<function relu at 0x1370a5d90>,64,0.25,5,100,2,<function sigmoid at 0x1370a5ea0>,<function binary_crossentropy at 0x137054730>,0.2,128,<class 'keras.optimizers.Adam'>
5,0.6887084210211987,0.5847347974777222,0.6174256434654832,0.66444814,<function relu at 0x1370a5d90>,64,0.25,5,100,2,<function sigmoid at 0x1370a5ea0>,<function binary_crossentropy at 0x137054730>,0.6000000000000001,64,<class 'keras.optimizers.Adam'>
5,0.7026915527099471,0.5407503247261047,0.5768978136880359,0.7043816,<function relu at 0x1370a5d90>,64,0.25,5,100,2,<function sigmoid at 0x1370a5ea0>,<function binary_crossentropy at 0x137054730>,0.6000000000000001,128,<class 'keras.optimizers.Adam'>
5,0.6769521860996163,0.5886157751083374,0.6543030395682362,0.6128674,<function relu at 0x1370a5d90>,64,0.25,5,100,3,<function sigmoid at 0x1370a5ea0>,<function binary_crossentropy at 0x137054730>,0.2,64,<class 'keras.optimizers.Adam'>
5,0.6899714671933173,0.5536869168281555,0.622711981096601,0.65945643,<function relu at 0x1370a5d90>,64,0.25,5,100,3,<function sigmoid at 0x1370a5ea0>,<function binary_crossentropy at 0x137054730>,0.2,128,<class 'keras.optimizers.Adam'>
5,0.6941789537475458,0.5730918645858765,0.622805514338277,0.65002775,<function relu at 0x1370a5d90>,64,0.25,5,100,3,<function sigmoid at 0x1370a5ea0>,<function binary_crossentropy at 0x137054730>,0.6000000000000001,64,<class 'keras.optimizers.Adam'>
5,0.7362514535329012,0.5213454365730286,0.5704354370427145,0.71935666,<function relu at 0x1370a5d90>,64,0.25,5,100,3,<function sigmoid at 0x1370a5ea0>,<function binary_crossentropy at 0x137054730>,0.6000000000000001,128,<class 'keras.optimizers.Adam'>
5,0.6821755598772697,0.6015523672103882,0.6570586221653161,0.6178591,<function relu at 0x1370a5d90>,64,0.25,5,150,1,<function sigmoid at 0x1370a5ea0>,<function binary_crossentropy at 0x137054730>,0.2,64,<class 'keras.optimizers.Adam'>
5,0.6840189848032528,0.5730918645858765,0.6363824042623333,0.6444814,<function relu at 0x1370a5d90>,64,0.25,5,150,1,<function sigmoid at 0x1370a5ea0>,<function binary_crossentropy at 0x137054730>,0.2,128,<class 'keras.optimizers.Adam'>
5,0.7006934582801563,0.529107391834259,0.614848179844969,0.6677759,<function relu at 0x1370a5d90>,64,0.25,5,150,1,<function sigmoid at 0x1370a5ea0>,<function binary_crossentropy at 0x137054730>,0.6000000000000001,64,<class 'keras.optimizers.Adam'>
5,0.7592157682194284,0.49417853355407715,0.5666988826234408,0.7204659,<function relu at 0x1370a5d90>,64,0.25,5,150,1,<function sigmoid at 0x1370a5ea0>,<function binary_crossentropy at 0x137054730>,0.6000000000000001,128,<class 'keras.optimizers.Adam'>
5,0.6838473563515045,0.5575678944587708,0.6515762810236337,0.61120355,<function relu at 0x1370a5d90>,64,0.25,5,150,2,<function sigmoid at 0x1370a5ea0>,<function binary_crossentropy at 0x137054730>,0.2,64,<class 'keras.optimizers.Adam'>
5,0.6988197944451119,0.5549805760383606,0.6229663679352484,0.6589018,<function relu at 0x1370a5d90>,64,0.25,5,150,2,<function sigmoid at 0x1370a5ea0>,<function binary_crossentropy at 0x137054730>,0.2,128,<class 'keras.optimizers.Adam'>
5,0.6914720603133543,0.5743855237960815,0.6156276206935833,0.6622296,<function relu at 0x1370a5d90>,64,0.25,5,150,2,<function sigmoid at 0x1370a5ea0>,<function binary_crossentropy at 0x137054730>,0.6000000000000001,64,<class 'keras.optimizers.Adam'>
5,0.7357343702852958,0.5226390957832336,0.5721646312601488,0.7049362,<function relu at 0x1370a5d90>,64,0.25,5,150,2,<function sigmoid at 0x1370a5ea0>,<function binary_crossentropy at 0x137054730>,0.6000000000000001,128,<class 'keras.optimizers.Adam'>
5,0.6760164104488812,0.5834411382675171,0.6518452258422119,0.6117582,<function relu at 0x1370a5d90>,64,0.25,5,150,3,<function sigmoid at 0x1370a5ea0>,<function binary_crossentropy at 0x137054730>,0.2,64,<class 'keras.optimizers.Adam'>
5,0.6903383744179354,0.5743855237960815,0.6270736654599508,0.6505824,<function relu at 0x1370a5d90>,64,0.25,5,150,3,<function sigmoid at 0x1370a5ea0>,<function binary_crossentropy at 0x137054730>,0.2,128,<class 'keras.optimizers.Adam'>
5,0.697725246054389,0.5743855237960815,0.6186805043826153,0.6705491,<function relu at 0x1370a5d90>,64,0.25,5,150,3,<function sigmoid at 0x1370a5ea0>,<function binary_crossentropy at 0x137054730>,0.6000000000000001,64,<class 'keras.optimizers.Adam'>
5,0.7464052231314883,0.545924961566925,0.5624242340665491,0.71436495,<function relu at 0x1370a5d90>,64,0.25,5,150,3,<function sigmoid at 0x1370a5ea0>,<function binary_crossentropy at 0x137054730>,0.6000000000000001,128,<class 'keras.optimizers.Adam'>
10,0.6846202756115567,0.5523932576179504,0.6422853434475937,0.63061565,<function relu at 0x1370a5d90>,64,0.25,10,100,1,<function sigmoid at 0x1370a5ea0>,<function binary_crossentropy at 0x137054730>,0.2,64,<class 'keras.optimizers.Adam'>
10,0.698472276233609,0.5485122799873352,0.6022289374836008,0.67165834,<function relu at 0x1370a5d90>,64,0.25,10,100,1,<function sigmoid at 0x1370a5ea0>,<function binary_crossentropy at 0x137054730>,0.2,128,<class 'keras.optimizers.Adam'>
10,0.7295445082335701,0.5523932576179504,0.5695817801467062,0.71436495,<function relu at 0x1370a5d90>,64,0.25,10,100,1,<function sigmoid at 0x1370a5ea0>,<function binary_crossentropy at 0x137054730>,0.6000000000000001,64,<class 'keras.optimizers.Adam'>
10,0.7762342495952201,0.5381630063056946,0.46916658476333917,0.7936772,<function relu at 0x1370a5d90>,64,0.25,10,100,1,<function sigmoid at 0x1370a5ea0>,<function binary_crossentropy at 0x137054730>,0.6000000000000001,128,<class 'keras.optimizers.Adam'>
10,0.6920385556572621,0.5873221158981323,0.6264642883325642,0.661675,<function relu at 0x1370a5d90>,64,0.25,10,100,2,<function sigmoid at 0x1370a5ea0>,<function binary_crossentropy at 0x137054730>,0.2,64,<class 'keras.optimizers.Adam'>
10,0.7209683949703696,0.5601552128791809,0.5549814962243214,0.7249029,<function relu at 0x1370a5d90>,64,0.25,10,100,2,<function sigmoid at 0x1370a5ea0>,<function binary_crossentropy at 0x137054730>,0.2,128,<class 'keras.optimizers.Adam'>
10,0.7425585245716001,0.5705045461654663,0.5333573370097547,0.7420965,<function relu at 0x1370a5d90>,64,0.25,10,100,2,<function sigmoid at 0x1370a5ea0>,<function binary_crossentropy at 0x137054730>,0.6000000000000001,64,<class 'keras.optimizers.Adam'>
10,0.8572483315659063,0.529107391834259,0.3968754531572874,0.8291736,<function relu at 0x1370a5d90>,64,0.25,10,100,2,<function sigmoid at 0x1370a5ea0>,<function binary_crossentropy at 0x137054730>,0.6000000000000001,128,<class 'keras.optimizers.Adam'>
10,0.6820158096365293,0.5834411382675171,0.6175101386198254,0.6711037,<function relu at 0x1370a5d90>,64,0.25,10,100,3,<function sigmoid at 0x1370a5ea0>,<function binary_crossentropy at 0x137054730>,0.2,64,<class 'keras.optimizers.Adam'>
10,0.707535354085604,0.5601552128791809,0.558811580314943,0.7210205,<function relu at 0x1370a5d90>,64,0.25,10,100,3,<function sigmoid at 0x1370a5ea0>,<function binary_crossentropy at 0x137054730>,0.2,128,<class 'keras.optimizers.Adam'>
10,0.7703875132473752,0.5239327549934387,0.5194649787261231,0.7509706,<function relu at 0x1370a5d90>,64,0.25,10,100,3,<function sigmoid at 0x1370a5ea0>,<function binary_crossentropy at 0x137054730>,0.6000000000000001,64,<class 'keras.optimizers.Adam'>
10,0.8913540281499959,0.5485122799873352,0.4065969419922355,0.82640046,<function relu at 0x1370a5d90>,64,0.25,10,100,3,<function sigmoid at 0x1370a5ea0>,<function binary_crossentropy at 0x137054730>,0.6000000000000001,128,<class 'keras.optimizers.Adam'>
10,0.6851617440215058,0.5912030935287476,0.6274135307146983,0.6483638,<function relu at 0x1370a5d90>,64,0.25,10,150,1,<function sigmoid at 0x1370a5ea0>,<function binary_crossentropy at 0x137054730>,0.2,64,<class 'keras.optimizers.Adam'>
10,0.7135468056717018,0.5601552128791809,0.5862499674161276,0.6938436,<function relu at 0x1370a5d90>,64,0.25,10,150,1,<function sigmoid at 0x1370a5ea0>,<function binary_crossentropy at 0x137054730>,0.2,128,<class 'keras.optimizers.Adam'>
10,0.715583546504012,0.5834411382675171,0.5654322077219048,0.70216304,<function relu at 0x1370a5d90>,64,0.25,10,150,1,<function sigmoid at 0x1370a5ea0>,<function binary_crossentropy at 0x137054730>,0.6000000000000001,64,<class 'keras.optimizers.Adam'>
10,0.8058840270030082,0.5782665014266968,0.4545484596633012,0.8058791,<function relu at 0x1370a5d90>,64,0.25,10,150,1,<function sigmoid at 0x1370a5ea0>,<function binary_crossentropy at 0x137054730>,0.6000000000000001,128,<class 'keras.optimizers.Adam'>
10,0.694139925350964,0.5834411382675171,0.6173538863163026,0.65002775,<function relu at 0x1370a5d90>,64,0.25,10,150,2,<function sigmoid at 0x1370a5ea0>,<function binary_crossentropy at 0x137054730>,0.2,64,<class 'keras.optimizers.Adam'>
10,0.7040214506188771,0.5498059391975403,0.5671558231693866,0.72601223,<function relu at 0x1370a5d90>,64,0.25,10,150,2,<function sigmoid at 0x1370a5ea0>,<function binary_crossentropy at 0x137054730>,0.2,128,<class 'keras.optimizers.Adam'>
10,0.7699162017790189,0.565329909324646,0.5145367895373356,0.75374377,<function relu at 0x1370a5d90>,64,0.25,10,150,2,<function sigmoid at 0x1370a5ea0>,<function binary_crossentropy at 0x137054730>,0.6000000000000001,64,<class 'keras.optimizers.Adam'>
10,0.8676329456356487,0.5381630063056946,0.3877765678790828,0.83305603,<function relu at 0x1370a5d90>,64,0.25,10,150,2,<function sigmoid at 0x1370a5ea0>,<function binary_crossentropy at 0x137054730>,0.6000000000000001,128,<class 'keras.optimizers.Adam'>
10,0.6955997180506914,0.5730918645858765,0.6186935113855554,0.6622296,<function relu at 0x1370a5d90>,64,0.25,10,150,3,<function sigmoid at 0x1370a5ea0>,<function binary_crossentropy at 0x137054730>,0.2,64,<class 'keras.optimizers.Adam'>
10,0.7213160161213301,0.5329883694648743,0.5554622928764313,0.7204659,<function relu at 0x1370a5d90>,64,0.25,10,150,3,<function sigmoid at 0x1370a5ea0>,<function binary_crossentropy at 0x137054730>,0.2,128,<class 'keras.optimizers.Adam'>
10,0.767763137894491,0.5575678944587708,0.47756614730679453,0.7814753,<function relu at 0x1370a5d90>,64,0.25,10,150,3,<function sigmoid at 0x1370a5ea0>,<function binary_crossentropy at 0x137054730>,0.6000000000000001,64,<class 'keras.optimizers.Adam'>
10,0.9249428216883621,0.5122897624969482,0.39188997836755635,0.82584584,<function relu at 0x1370a5d90>,64,0.25,10,150,3,<function sigmoid at 0x1370a5ea0>,<function binary_crossentropy at 0x137054730>,0.6000000000000001,128,<class 'keras.optimizers.Adam'>
15,0.6944174780420005,0.5575678944587708,0.6124803477436452,0.66943985,<function relu at 0x1370a5d90>,64,0.25,15,100,1,<function sigmoid at 0x1370a5ea0>,<function binary_crossentropy at 0x137054730>,0.2,64,<class 'keras.optimizers.Adam'>
15,0.7241586503822159,0.5265200734138489,0.5543454834737847,0.7243483,<function relu at 0x1370a5d90>,64,0.25,15,100,1,<function sigmoid at 0x1370a5ea0>,<function binary_crossentropy at 0x137054730>,0.2,128,<class 'keras.optimizers.Adam'>
15,0.74295141039968,0.582147479057312,0.5326473497709696,0.7332224,<function relu at 0x1370a5d90>,64,0.25,15,100,1,<function sigmoid at 0x1370a5ea0>,<function binary_crossentropy at 0x137054730>,0.6000000000000001,64,<class 'keras.optimizers.Adam'>
15,0.8923817445821627,0.5200517177581787,0.35845962884984145,0.8557959,<function relu at 0x1370a5d90>,64,0.25,15,100,1,<function sigmoid at 0x1370a5ea0>,<function binary_crossentropy at 0x137054730>,0.6000000000000001,128,<class 'keras.optimizers.Adam'>
15,0.7137469989362077,0.5523932576179504,0.5900492857577598,0.6905158,<function relu at 0x1370a5d90>,64,0.25,15,100,2,<function sigmoid at 0x1370a5ea0>,<function binary_crossentropy at 0x137054730>,0.2,64,<class 'keras.optimizers.Adam'>
15,0.7030204677180825,0.582147479057312,0.5287503243914196,0.7387687,<function relu at 0x1370a5d90>,64,0.25,15,100,2,<function sigmoid at 0x1370a5ea0>,<function binary_crossentropy at 0x137054730>,0.2,128,<class 'keras.optimizers.Adam'>
15,0.8431852284100817,0.527813732624054,0.42927137635445767,0.8169717,<function relu at 0x1370a5d90>,64,0.25,15,100,2,<function sigmoid at 0x1370a5ea0>,<function binary_crossentropy at 0x137054730>,0.6000000000000001,64,<class 'keras.optimizers.Adam'>
15,1.091366394988007,0.5523932576179504,0.24650840989365158,0.9079312,<function relu at 0x1370a5d90>,64,0.25,15,100,2,<function sigmoid at 0x1370a5ea0>,<function binary_crossentropy at 0x137054730>,0.6000000000000001,128,<class 'keras.optimizers.Adam'>
15,0.7075527709791917,0.5743855237960815,0.5769721543993873,0.7060455,<function relu at 0x1370a5d90>,64,0.25,15,100,3,<function sigmoid at 0x1370a5ea0>,<function binary_crossentropy at 0x137054730>,0.2,64,<class 'keras.optimizers.Adam'>
15,0.7641603973673664,0.5575678944587708,0.4559659509941795,0.8058791,<function relu at 0x1370a5d90>,64,0.25,15,100,3,<function sigmoid at 0x1370a5ea0>,<function binary_crossentropy at 0x137054730>,0.2,128,<class 'keras.optimizers.Adam'>
15,0.9340180130856157,0.529107391834259,0.38672379566706755,0.83361065,<function relu at 0x1370a5d90>,64,0.25,15,100,3,<function sigmoid at 0x1370a5ea0>,<function binary_crossentropy at 0x137054730>,0.6000000000000001,64,<class 'keras.optimizers.Adam'>
15,1.079526559347323,0.5640362501144409,0.21825899587064998,0.92235166,<function relu at 0x1370a5d90>,64,0.25,15,100,3,<function sigmoid at 0x1370a5ea0>,<function binary_crossentropy at 0x137054730>,0.6000000000000001,128,<class 'keras.optimizers.Adam'>
15,0.6997499257750222,0.5562742352485657,0.6043817823090556,0.6833056,<function relu at 0x1370a5d90>,64,0.25,15,150,1,<function sigmoid at 0x1370a5ea0>,<function binary_crossentropy at 0x137054730>,0.2,64,<class 'keras.optimizers.Adam'>
15,0.728468190150921,0.5485122799873352,0.5419495742782512,0.73377705,<function relu at 0x1370a5d90>,64,0.25,15,150,1,<function sigmoid at 0x1370a5ea0>,<function binary_crossentropy at 0x137054730>,0.2,128,<class 'keras.optimizers.Adam'>
15,0.7978324156066579,0.5265200734138489,0.4823294637008832,0.77315587,<function relu at 0x1370a5d90>,64,0.25,15,150,1,<function sigmoid at 0x1370a5ea0>,<function binary_crossentropy at 0x137054730>,0.6000000000000001,64,<class 'keras.optimizers.Adam'>
15,0.9557080978255377,0.5071151256561279,0.3184156451897031,0.8735441,<function relu at 0x1370a5d90>,64,0.25,15,150,1,<function sigmoid at 0x1370a5ea0>,<function binary_crossentropy at 0x137054730>,0.6000000000000001,128,<class 'keras.optimizers.Adam'>
15,0.7033359329728229,0.5562742352485657,0.5740620620172684,0.69661677,<function relu at 0x1370a5d90>,64,0.25,15,150,2,<function sigmoid at 0x1370a5ea0>,<function binary_crossentropy at 0x137054730>,0.2,64,<class 'keras.optimizers.Adam'>
15,0.7457569530679523,0.5523932576179504,0.4996454384481649,0.7659457,<function relu at 0x1370a5d90>,64,0.25,15,150,2,<function sigmoid at 0x1370a5ea0>,<function binary_crossentropy at 0x137054730>,0.2,128,<class 'keras.optimizers.Adam'>
15,0.8737632280642126,0.5420439839363098,0.4077393882683232,0.82529116,<function relu at 0x1370a5d90>,64,0.25,15,150,2,<function sigmoid at 0x1370a5ea0>,<function binary_crossentropy at 0x137054730>,0.6000000000000001,64,<class 'keras.optimizers.Adam'>
15,1.0012202274444648,0.582147479057312,0.25243313900642905,0.900721,<function relu at 0x1370a5d90>,64,0.25,15,150,2,<function sigmoid at 0x1370a5ea0>,<function binary_crossentropy at 0x137054730>,0.6000000000000001,128,<class 'keras.optimizers.Adam'>
15,0.7327361000463232,0.5174643993377686,0.5607921907918955,0.718802,<function relu at 0x1370a5d90>,64,0.25,15,150,3,<function sigmoid at 0x1370a5ea0>,<function binary_crossentropy at 0x137054730>,0.2,64,<class 'keras.optimizers.Adam'>
15,0.7724582584138675,0.5213454365730286,0.4651717505419314,0.80199665,<function relu at 0x1370a5d90>,64,0.25,15,150,3,<function sigmoid at 0x1370a5ea0>,<function binary_crossentropy at 0x137054730>,0.2,128,<class 'keras.optimizers.Adam'>
15,0.9291562965816853,0.5523932576179504,0.4013882392456448,0.8280643,<function relu at 0x1370a5d90>,64,0.25,15,150,3,<function sigmoid at 0x1370a5ea0>,<function binary_crossentropy at 0x137054730>,0.6000000000000001,64,<class 'keras.optimizers.Adam'>
15,1.2604630833147106,0.529107391834259,0.19576320752989101,0.92235166,<function relu at 0x1370a5d90>,64,0.25,15,150,3,<function sigmoid at 0x1370a5ea0>,<function binary_crossentropy at 0x137054730>,0.6000000000000001,128,<class 'keras.optimizers.Adam'>
5,0.696693011428221,0.5381630063056946,0.6569464630506731,0.61841375,<function relu at 0x1370a5d90>,128,0.0,5,100,1,<function sigmoid at 0x1370a5ea0>,<function binary_crossentropy at 0x137054730>,0.2,64,<class 'keras.optimizers.Adam'>
5,0.6833295836023032,0.5886157751083374,0.6220501689069878,0.67276764,<function relu at 0x1370a5d90>,128,0.0,5,100,1,<function sigmoid at 0x1370a5ea0>,<function binary_crossentropy at 0x137054730>,0.2,128,<class 'keras.optimizers.Adam'>
5,0.693167512429177,0.5834411382675171,0.6131990774102298,0.65945643,<function relu at 0x1370a5d90>,128,0.0,5,100,1,<function sigmoid at 0x1370a5ea0>,<function binary_crossentropy at 0x137054730>,0.6000000000000001,64,<class 'keras.optimizers.Adam'>
5,0.713743684671212,0.5368693470954895,0.572896273282919,0.7138103,<function relu at 0x1370a5d90>,128,0.0,5,100,1,<function sigmoid at 0x1370a5ea0>,<function binary_crossentropy at 0x137054730>,0.6000000000000001,128,<class 'keras.optimizers.Adam'>
5,0.6876862895750907,0.5536869168281555,0.6409961749498406,0.62728786,<function relu at 0x1370a5d90>,128,0.0,5,100,2,<function sigmoid at 0x1370a5ea0>,<function binary_crossentropy at 0x137054730>,0.2,64,<class 'keras.optimizers.Adam'>
5,0.6877368469596064,0.5769728422164917,0.6197486026579316,0.6550194,<function relu at 0x1370a5d90>,128,0.0,5,100,2,<function sigmoid at 0x1370a5ea0>,<function binary_crossentropy at 0x137054730>,0.2,128,<class 'keras.optimizers.Adam'>
5,0.6867328610025433,0.5847347974777222,0.6053525562823249,0.6866334,<function relu at 0x1370a5d90>,128,0.0,5,100,2,<function sigmoid at 0x1370a5ea0>,<function binary_crossentropy at 0x137054730>,0.6000000000000001,64,<class 'keras.optimizers.Adam'>
5,0.7143910804818858,0.5692108869552612,0.5496674941039654,0.7432058,<function relu at 0x1370a5d90>,128,0.0,5,100,2,<function sigmoid at 0x1370a5ea0>,<function binary_crossentropy at 0x137054730>,0.6000000000000001,128,<class 'keras.optimizers.Adam'>
5,0.6826469147961013,0.565329909324646,0.643362475975447,0.62617856,<function relu at 0x1370a5d90>,128,0.0,5,100,3,<function sigmoid at 0x1370a5ea0>,<function binary_crossentropy at 0x137054730>,0.2,64,<class 'keras.optimizers.Adam'>
5,0.685252636555404,0.5717982053756714,0.6159666565743276,0.6888519,<function relu at 0x1370a5d90>,128,0.0,5,100,3,<function sigmoid at 0x1370a5ea0>,<function binary_crossentropy at 0x137054730>,0.2,128,<class 'keras.optimizers.Adam'>
5,0.7025665580686592,0.5679172277450562,0.6031108001372051,0.69495285,<function relu at 0x1370a5d90>,128,0.0,5,100,3,<function sigmoid at 0x1370a5ea0>,<function binary_crossentropy at 0x137054730>,0.6000000000000001,64,<class 'keras.optimizers.Adam'>
5,0.7284789645193773,0.529107391834259,0.5375645340183214,0.7598447,<function relu at 0x1370a5d90>,128,0.0,5,100,3,<function sigmoid at 0x1370a5ea0>,<function binary_crossentropy at 0x137054730>,0.6000000000000001,128,<class 'keras.optimizers.Adam'>
5,0.6875749406962623,0.5562742352485657,0.6430856114087076,0.6317249,<function relu at 0x1370a5d90>,128,0.0,5,150,1,<function sigmoid at 0x1370a5ea0>,<function binary_crossentropy at 0x137054730>,0.2,64,<class 'keras.optimizers.Adam'>
5,0.6804454284991206,0.582147479057312,0.6317876001166028,0.6638935,<function relu at 0x1370a5d90>,128,0.0,5,150,1,<function sigmoid at 0x1370a5ea0>,<function binary_crossentropy at 0x137054730>,0.2,128,<class 'keras.optimizers.Adam'>
5,0.6863711292037372,0.5808538198471069,0.6131570628134991,0.6633389,<function relu at 0x1370a5d90>,128,0.0,5,150,1,<function sigmoid at 0x1370a5ea0>,<function binary_crossentropy at 0x137054730>,0.6000000000000001,64,<class 'keras.optimizers.Adam'>
5,0.6979410572779904,0.565329909324646,0.5914633549787042,0.69661677,<function relu at 0x1370a5d90>,128,0.0,5,150,1,<function sigmoid at 0x1370a5ea0>,<function binary_crossentropy at 0x137054730>,0.6000000000000001,128,<class 'keras.optimizers.Adam'>
5,0.6831779732124309,0.5562742352485657,0.6453866785721718,0.63838047,<function relu at 0x1370a5d90>,128,0.0,5,150,2,<function sigmoid at 0x1370a5ea0>,<function binary_crossentropy at 0x137054730>,0.2,64,<class 'keras.optimizers.Adam'>
5,0.6826520687087233,0.5717982053756714,0.6165390711523596,0.6749861,<function relu at 0x1370a5d90>,128,0.0,5,150,2,<function sigmoid at 0x1370a5ea0>,<function binary_crossentropy at 0x137054730>,0.2,128,<class 'keras.optimizers.Adam'>
5,0.6952694157887862,0.5601552128791809,0.606212778185317,0.6744315,<function relu at 0x1370a5d90>,128,0.0,5,150,2,<function sigmoid at 0x1370a5ea0>,<function binary_crossentropy at 0x137054730>,0.6000000000000001,64,<class 'keras.optimizers.Adam'>
5,0.7108996232916127,0.5588615536689758,0.5515330425911458,0.7470882,<function relu at 0x1370a5d90>,128,0.0,5,150,2,<function sigmoid at 0x1370a5ea0>,<function binary_crossentropy at 0x137054730>,0.6000000000000001,128,<class 'keras.optimizers.Adam'>
5,0.6776431932332136,0.5899094343185425,0.6533272099772627,0.62229615,<function relu at 0x1370a5d90>,128,0.0,5,150,3,<function sigmoid at 0x1370a5ea0>,<function binary_crossentropy at 0x137054730>,0.2,64,<class 'keras.optimizers.Adam'>
5,0.6790723959502089,0.5769728422164917,0.6214469040491418,0.6860788,<function relu at 0x1370a5d90>,128,0.0,5,150,3,<function sigmoid at 0x1370a5ea0>,<function binary_crossentropy at 0x137054730>,0.2,128,<class 'keras.optimizers.Adam'>
5,0.6881238074074433,0.5666235685348511,0.60468394886568,0.6760954,<function relu at 0x1370a5d90>,128,0.0,5,150,3,<function sigmoid at 0x1370a5ea0>,<function binary_crossentropy at 0x137054730>,0.6000000000000001,64,<class 'keras.optimizers.Adam'>
5,0.7161588638751041,0.5433376431465149,0.5497068311529429,0.7276761,<function relu at 0x1370a5d90>,128,0.0,5,150,3,<function sigmoid at 0x1370a5ea0>,<function binary_crossentropy at 0x137054730>,0.6000000000000001,128,<class 'keras.optimizers.Adam'>
10,0.6935979106293613,0.5536869168281555,0.6238358049874033,0.655574,<function relu at 0x1370a5d90>,128,0.0,10,100,1,<function sigmoid at 0x1370a5ea0>,<function binary_crossentropy at 0x137054730>,0.2,64,<class 'keras.optimizers.Adam'>
10,0.7078555751432886,0.5187580585479736,0.5857692385010764,0.6943982,<function relu at 0x1370a5d90>,128,0.0,10,100,1,<function sigmoid at 0x1370a5ea0>,<function binary_crossentropy at 0x137054730>,0.2,128,<class 'keras.optimizers.Adam'>
10,0.6997164707597138,0.5420439839363098,0.5416781239819011,0.7476428,<function relu at 0x1370a5d90>,128,0.0,10,100,1,<function sigmoid at 0x1370a5ea0>,<function binary_crossentropy at 0x137054730>,0.6000000000000001,64,<class 'keras.optimizers.Adam'>
10,0.7631092865747745,0.529107391834259,0.4707357652539091,0.7920133,<function relu at 0x1370a5d90>,128,0.0,10,100,1,<function sigmoid at 0x1370a5ea0>,<function binary_crossentropy at 0x137054730>,0.6000000000000001,128,<class 'keras.optimizers.Adam'>
10,0.6915463068815283,0.5472186207771301,0.6134828593555055,0.67886853,<function relu at 0x1370a5d90>,128,0.0,10,100,2,<function sigmoid at 0x1370a5ea0>,<function binary_crossentropy at 0x137054730>,0.2,64,<class 'keras.optimizers.Adam'>
10,0.6939522399630923,0.5795601606369019,0.5519227757430116,0.7420965,<function relu at 0x1370a5d90>,128,0.0,10,100,2,<function sigmoid at 0x1370a5ea0>,<function binary_crossentropy at 0x137054730>,0.2,128,<class 'keras.optimizers.Adam'>
10,0.731255818924651,0.54463130235672,0.5161661985214062,0.7859124,<function relu at 0x1370a5d90>,128,0.0,10,100,2,<function sigmoid at 0x1370a5ea0>,<function binary_crossentropy at 0x137054730>,0.6000000000000001,64,<class 'keras.optimizers.Adam'>
10,0.7781898442169056,0.5472186207771301,0.41247657865401577,0.84470326,<function relu at 0x1370a5d90>,128,0.0,10,100,2,<function sigmoid at 0x1370a5ea0>,<function binary_crossentropy at 0x137054730>,0.6000000000000001,128,<class 'keras.optimizers.Adam'>
10,0.6841962036771886,0.5575678944587708,0.6110803791700439,0.68053246,<function relu at 0x1370a5d90>,128,0.0,10,100,3,<function sigmoid at 0x1370a5ea0>,<function binary_crossentropy at 0x137054730>,0.2,64,<class 'keras.optimizers.Adam'>
10,0.6964231500496069,0.5743855237960815,0.5620285414419635,0.7365502,<function relu at 0x1370a5d90>,128,0.0,10,100,3,<function sigmoid at 0x1370a5ea0>,<function binary_crossentropy at 0x137054730>,0.2,128,<class 'keras.optimizers.Adam'>
10,0.7374455897959207,0.5601552128791809,0.49844813819600686,0.7770383,<function relu at 0x1370a5d90>,128,0.0,10,100,3,<function sigmoid at 0x1370a5ea0>,<function binary_crossentropy at 0x137054730>,0.6000000000000001,64,<class 'keras.optimizers.Adam'>
10,0.8812073893257131,0.4967658519744873,0.37315962543371184,0.8729895,<function relu at 0x1370a5d90>,128,0.0,10,100,3,<function sigmoid at 0x1370a5ea0>,<function binary_crossentropy at 0x137054730>,0.6000000000000001,128,<class 'keras.optimizers.Adam'>
10,0.6837207687317477,0.5795601606369019,0.6107720683431599,0.67221296,<function relu at 0x1370a5d90>,128,0.0,10,150,1,<function sigmoid at 0x1370a5ea0>,<function binary_crossentropy at 0x137054730>,0.2,64,<class 'keras.optimizers.Adam'>
10,0.6959817773466123,0.5795601606369019,0.5767310720249077,0.7243483,<function relu at 0x1370a5d90>,128,0.0,10,150,1,<function sigmoid at 0x1370a5ea0>,<function binary_crossentropy at 0x137054730>,0.2,128,<class 'keras.optimizers.Adam'>
10,0.727776137699902,0.5498059391975403,0.5215836290478773,0.77981144,<function relu at 0x1370a5d90>,128,0.0,10,150,1,<function sigmoid at 0x1370a5ea0>,<function binary_crossentropy at 0x137054730>,0.6000000000000001,64,<class 'keras.optimizers.Adam'>
10,0.7354167870222983,0.5666235685348511,0.460387409460657,0.79811424,<function relu at 0x1370a5d90>,128,0.0,10,150,1,<function sigmoid at 0x1370a5ea0>,<function binary_crossentropy at 0x137054730>,0.6000000000000001,128,<class 'keras.optimizers.Adam'>
10,0.6995774883810638,0.5743855237960815,0.6047765725001453,0.6866334,<function relu at 0x1370a5d90>,128,0.0,10,150,2,<function sigmoid at 0x1370a5ea0>,<function binary_crossentropy at 0x137054730>,0.2,64,<class 'keras.optimizers.Adam'>
10,0.6877610499923628,0.5886157751083374,0.5749665711961451,0.7326678,<function relu at 0x1370a5d90>,128,0.0,10,150,2,<function sigmoid at 0x1370a5ea0>,<function binary_crossentropy at 0x137054730>,0.2,128,<class 'keras.optimizers.Adam'>
10,0.7380552374375899,0.5562742352485657,0.49756938371139964,0.77870214,<function relu at 0x1370a5d90>,128,0.0,10,150,2,<function sigmoid at 0x1370a5ea0>,<function binary_crossentropy at 0x137054730>,0.6000000000000001,64,<class 'keras.optimizers.Adam'>
10,0.8302558738772033,0.5549805760383606,0.3854178390235816,0.8624515,<function relu at 0x1370a5d90>,128,0.0,10,150,2,<function sigmoid at 0x1370a5ea0>,<function binary_crossentropy at 0x137054730>,0.6000000000000001,128,<class 'keras.optimizers.Adam'>
10,0.6899683163977225,0.5666235685348511,0.6144919557103301,0.67886853,<function relu at 0x1370a5d90>,128,0.0,10,150,3,<function sigmoid at 0x1370a5ea0>,<function binary_crossentropy at 0x137054730>,0.2,64,<class 'keras.optimizers.Adam'>
10,0.7021807117573194,0.5549805760383606,0.5432385393995347,0.75540763,<function relu at 0x1370a5d90>,128,0.0,10,150,3,<function sigmoid at 0x1370a5ea0>,<function binary_crossentropy at 0x137054730>,0.2,128,<class 'keras.optimizers.Adam'>
10,0.7388038221182829,0.5769728422164917,0.4984534255213957,0.77981144,<function relu at 0x1370a5d90>,128,0.0,10,150,3,<function sigmoid at 0x1370a5ea0>,<function binary_crossentropy at 0x137054730>,0.6000000000000001,64,<class 'keras.optimizers.Adam'>
10,0.8355406598316898,0.561448872089386,0.3584067674474589,0.8652246,<function relu at 0x1370a5d90>,128,0.0,10,150,3,<function sigmoid at 0x1370a5ea0>,<function binary_crossentropy at 0x137054730>,0.6000000000000001,128,<class 'keras.optimizers.Adam'>
15,0.6998256067100811,0.561448872089386,0.5975258988733763,0.71048254,<function relu at 0x1370a5d90>,128,0.0,15,100,1,<function sigmoid at 0x1370a5ea0>,<function binary_crossentropy at 0x137054730>,0.2,64,<class 'keras.optimizers.Adam'>
15,0.7147575077079092,0.5265200734138489,0.5333013137842771,0.75374377,<function relu at 0x1370a5d90>,128,0.0,15,100,1,<function sigmoid at 0x1370a5ea0>,<function binary_crossentropy at 0x137054730>,0.2,128,<class 'keras.optimizers.Adam'>
15,0.7457496300243314,0.5679172277450562,0.47744926717700525,0.8086522,<function relu at 0x1370a5d90>,128,0.0,15,100,1,<function sigmoid at 0x1370a5ea0>,<function binary_crossentropy at 0x137054730>,0.6000000000000001,64,<class 'keras.optimizers.Adam'>
15,0.8414426299455403,0.5575678944587708,0.3532825810457691,0.8801997,<function relu at 0x1370a5d90>,128,0.0,15,100,1,<function sigmoid at 0x1370a5ea0>,<function binary_crossentropy at 0x137054730>,0.6000000000000001,128,<class 'keras.optimizers.Adam'>
15,0.7077059831378685,0.5329883694648743,0.5826086312681189,0.7049362,<function relu at 0x1370a5d90>,128,0.0,15,100,2,<function sigmoid at 0x1370a5ea0>,<function binary_crossentropy at 0x137054730>,0.2,64,<class 'keras.optimizers.Adam'>
15,0.7321927072853813,0.5342820286750793,0.4981425350993723,0.7903494,<function relu at 0x1370a5d90>,128,0.0,15,100,2,<function sigmoid at 0x1370a5ea0>,<function binary_crossentropy at 0x137054730>,0.2,128,<class 'keras.optimizers.Adam'>
15,0.8121018583993554,0.5433376431465149,0.4081652356860245,0.84914035,<function relu at 0x1370a5d90>,128,0.0,15,100,2,<function sigmoid at 0x1370a5ea0>,<function binary_crossentropy at 0x137054730>,0.6000000000000001,64,<class 'keras.optimizers.Adam'>
15,0.8971634084626281,0.5239327549934387,0.2459476075186309,0.9434276,<function relu at 0x1370a5d90>,128,0.0,15,100,2,<function sigmoid at 0x1370a5ea0>,<function binary_crossentropy at 0x137054730>,0.6000000000000001,128,<class 'keras.optimizers.Adam'>
15,0.6885939735490323,0.5769728422164917,0.5842459598185284,0.7088186,<function relu at 0x1370a5d90>,128,0.0,15,100,3,<function sigmoid at 0x1370a5ea0>,<function binary_crossentropy at 0x137054730>,0.2,64,<class 'keras.optimizers.Adam'>
15,0.7370031687297303,0.5575678944587708,0.48961995481717474,0.8158625,<function relu at 0x1370a5d90>,128,0.0,15,100,3,<function sigmoid at 0x1370a5ea0>,<function binary_crossentropy at 0x137054730>,0.2,128,<class 'keras.optimizers.Adam'>
15,0.8640217110225485,0.5472186207771301,0.3668477415245107,0.8618968,<function relu at 0x1370a5d90>,128,0.0,15,100,3,<function sigmoid at 0x1370a5ea0>,<function binary_crossentropy at 0x137054730>,0.6000000000000001,64,<class 'keras.optimizers.Adam'>
15,1.1923836924203155,0.5795601606369019,0.1818918244282008,0.95840263,<function relu at 0x1370a5d90>,128,0.0,15,100,3,<function sigmoid at 0x1370a5ea0>,<function binary_crossentropy at 0x137054730>,0.6000000000000001,128,<class 'keras.optimizers.Adam'>
15,0.6922277795852079,0.5756791830062866,0.5855047799320401,0.7054908,<function relu at 0x1370a5d90>,128,0.0,15,150,1,<function sigmoid at 0x1370a5ea0>,<function binary_crossentropy at 0x137054730>,0.2,64,<class 'keras.optimizers.Adam'>
15,0.7096159250739321,0.5627425909042358,0.5378005234519442,0.754853,<function relu at 0x1370a5d90>,128,0.0,15,150,1,<function sigmoid at 0x1370a5ea0>,<function binary_crossentropy at 0x137054730>,0.2,128,<class 'keras.optimizers.Adam'>
15,0.7757191799899122,0.5355756878852844,0.46040551403265695,0.8208541,<function relu at 0x1370a5d90>,128,0.0,15,150,1,<function sigmoid at 0x1370a5ea0>,<function binary_crossentropy at 0x137054730>,0.6000000000000001,64,<class 'keras.optimizers.Adam'>
15,0.862022764431397,0.5420439839363098,0.31331591594900216,0.90127563,<function relu at 0x1370a5d90>,128,0.0,15,150,1,<function sigmoid at 0x1370a5ea0>,<function binary_crossentropy at 0x137054730>,0.6000000000000001,128,<class 'keras.optimizers.Adam'>
15,0.6944357351066224,0.561448872089386,0.5800374297386927,0.7138103,<function relu at 0x1370a5d90>,128,0.0,15,150,2,<function sigmoid at 0x1370a5ea0>,<function binary_crossentropy at 0x137054730>,0.2,64,<class 'keras.optimizers.Adam'>
15,0.7112746930369122,0.5601552128791809,0.5098914478596092,0.79811424,<function relu at 0x1370a5d90>,128,0.0,15,150,2,<function sigmoid at 0x1370a5ea0>,<function binary_crossentropy at 0x137054730>,0.2,128,<class 'keras.optimizers.Adam'>
15,0.8495614395644348,0.508408784866333,0.3648178456098056,0.86467,<function relu at 0x1370a5d90>,128,0.0,15,150,2,<function sigmoid at 0x1370a5ea0>,<function binary_crossentropy at 0x137054730>,0.6000000000000001,64,<class 'keras.optimizers.Adam'>
15,0.9412353676472722,0.54463130235672,0.2525895813224849,0.9156961,<function relu at 0x1370a5d90>,128,0.0,15,150,2,<function sigmoid at 0x1370a5ea0>,<function binary_crossentropy at 0x137054730>,0.6000000000000001,128,<class 'keras.optimizers.Adam'>
15,0.696005308766877,0.5640362501144409,0.5775068160301438,0.7099279,<function relu at 0x1370a5d90>,128,0.0,15,150,3,<function sigmoid at 0x1370a5ea0>,<function binary_crossentropy at 0x137054730>,0.2,64,<class 'keras.optimizers.Adam'>
15,0.7401199575229265,0.5342820286750793,0.4765189721461342,0.8114254,<function relu at 0x1370a5d90>,128,0.0,15,150,3,<function sigmoid at 0x1370a5ea0>,<function binary_crossentropy at 0x137054730>,0.2,128,<class 'keras.optimizers.Adam'>
15,0.8720191071366585,0.5523932576179504,0.3560380898478027,0.8580144,<function relu at 0x1370a5d90>,128,0.0,15,150,3,<function sigmoid at 0x1370a5ea0>,<function binary_crossentropy at 0x137054730>,0.6000000000000001,64,<class 'keras.optimizers.Adam'>
15,1.133748238947228,0.5420439839363098,0.15007887409583634,0.9661675,<function relu at 0x1370a5d90>,128,0.0,15,150,3,<function sigmoid at 0x1370a5ea0>,<function binary_crossentropy at 0x137054730>,0.6000000000000001,128,<class 'keras.optimizers.Adam'>
5,0.6780950504934649,0.5873221158981323,0.677962294136625,0.583472,<function relu at 0x1370a5d90>,128,0.25,5,100,1,<function sigmoid at 0x1370a5ea0>,<function binary_crossentropy at 0x137054730>,0.2,64,<class 'keras.optimizers.Adam'>
5,0.6820388736268372,0.5808538198471069,0.6579231034036617,0.60787576,<function relu at 0x1370a5d90>,128,0.25,5,100,1,<function sigmoid at 0x1370a5ea0>,<function binary_crossentropy at 0x137054730>,0.2,128,<class 'keras.optimizers.Adam'>
5,0.6851832618380271,0.5963777303695679,0.6387782833077679,0.6206323,<function relu at 0x1370a5d90>,128,0.25,5,100,1,<function sigmoid at 0x1370a5ea0>,<function binary_crossentropy at 0x137054730>,0.6000000000000001,64,<class 'keras.optimizers.Adam'>
5,0.6893996046554842,0.5886157751083374,0.6184744129760095,0.6600111,<function relu at 0x1370a5d90>,128,0.25,5,100,1,<function sigmoid at 0x1370a5ea0>,<function binary_crossentropy at 0x137054730>,0.6000000000000001,128,<class 'keras.optimizers.Adam'>
5,0.6837213993226726,0.5536869168281555,0.655208920282056,0.60621184,<function relu at 0x1370a5d90>,128,0.25,5,100,2,<function sigmoid at 0x1370a5ea0>,<function binary_crossentropy at 0x137054730>,0.2,64,<class 'keras.optimizers.Adam'>
5,0.689702898148269,0.5666235685348511,0.6442415111275164,0.63838047,<function relu at 0x1370a5d90>,128,0.25,5,100,2,<function sigmoid at 0x1370a5ea0>,<function binary_crossentropy at 0x137054730>,0.2,128,<class 'keras.optimizers.Adam'>
5,0.6895969872487008,0.5873221158981323,0.6402784233548148,0.6478092,<function relu at 0x1370a5d90>,128,0.25,5,100,2,<function sigmoid at 0x1370a5ea0>,<function binary_crossentropy at 0x137054730>,0.6000000000000001,64,<class 'keras.optimizers.Adam'>
5,0.6898373225836365,0.5769728422164917,0.6004552208114451,0.67665005,<function relu at 0x1370a5d90>,128,0.25,5,100,2,<function sigmoid at 0x1370a5ea0>,<function binary_crossentropy at 0x137054730>,0.6000000000000001,128,<class 'keras.optimizers.Adam'>
5,0.6793461477463489,0.5769728422164917,0.6704133389991849,0.5895729,<function relu at 0x1370a5d90>,128,0.25,5,100,3,<function sigmoid at 0x1370a5ea0>,<function binary_crossentropy at 0x137054730>,0.2,64,<class 'keras.optimizers.Adam'>
5,0.6794107294946253,0.5808538198471069,0.6360840160715798,0.6311703,<function relu at 0x1370a5d90>,128,0.25,5,100,3,<function sigmoid at 0x1370a5ea0>,<function binary_crossentropy at 0x137054730>,0.2,128,<class 'keras.optimizers.Adam'>
5,0.6925411661568773,0.5730918645858765,0.6350948183290573,0.6333888,<function relu at 0x1370a5d90>,128,0.25,5,100,3,<function sigmoid at 0x1370a5ea0>,<function binary_crossentropy at 0x137054730>,0.6000000000000001,64,<class 'keras.optimizers.Adam'>
5,0.7204417324929774,0.5316947102546692,0.5908669001250815,0.6833056,<function relu at 0x1370a5d90>,128,0.25,5,100,3,<function sigmoid at 0x1370a5ea0>,<function binary_crossentropy at 0x137054730>,0.6000000000000001,128,<class 'keras.optimizers.Adam'>
5,0.6835084975459751,0.5679172277450562,0.6651066758205543,0.6017748,<function relu at 0x1370a5d90>,128,0.25,5,150,1,<function sigmoid at 0x1370a5ea0>,<function binary_crossentropy at 0x137054730>,0.2,64,<class 'keras.optimizers.Adam'>
5,0.6807266304132084,0.5782665014266968,0.6473994034565097,0.6350527,<function relu at 0x1370a5d90>,128,0.25,5,150,1,<function sigmoid at 0x1370a5ea0>,<function binary_crossentropy at 0x137054730>,0.2,128,<class 'keras.optimizers.Adam'>
5,0.6944290297768557,0.5730918645858765,0.6304960966242464,0.6478092,<function relu at 0x1370a5d90>,128,0.25,5,150,1,<function sigmoid at 0x1370a5ea0>,<function binary_crossentropy at 0x137054730>,0.6000000000000001,64,<class 'keras.optimizers.Adam'>
5,0.6952706563056363,0.5743855237960815,0.6081275029838317,0.687188,<function relu at 0x1370a5d90>,128,0.25,5,150,1,<function sigmoid at 0x1370a5ea0>,<function binary_crossentropy at 0x137054730>,0.6000000000000001,128,<class 'keras.optimizers.Adam'>
5,0.6774208490166904,0.582147479057312,0.6682250542370928,0.5929007,<function relu at 0x1370a5d90>,128,0.25,5,150,2,<function sigmoid at 0x1370a5ea0>,<function binary_crossentropy at 0x137054730>,0.2,64,<class 'keras.optimizers.Adam'>
5,0.6923582776706246,0.5588615536689758,0.6457702246759577,0.6211869,<function relu at 0x1370a5d90>,128,0.25,5,150,2,<function sigmoid at 0x1370a5ea0>,<function binary_crossentropy at 0x137054730>,0.2,128,<class 'keras.optimizers.Adam'>
5,0.6989067028750114,0.5355756878852844,0.6338509226995775,0.640599,<function relu at 0x1370a5d90>,128,0.25,5,150,2,<function sigmoid at 0x1370a5ea0>,<function binary_crossentropy at 0x137054730>,0.6000000000000001,64,<class 'keras.optimizers.Adam'>
5,0.7139663866698203,0.529107391834259,0.5966442190007375,0.693289,<function relu at 0x1370a5d90>,128,0.25,5,150,2,<function sigmoid at 0x1370a5ea0>,<function binary_crossentropy at 0x137054730>,0.6000000000000001,128,<class 'keras.optimizers.Adam'>
5,0.6799120876798346,0.5860284566879272,0.6677929665469753,0.58790904,<function relu at 0x1370a5d90>,128,0.25,5,150,3,<function sigmoid at 0x1370a5ea0>,<function binary_crossentropy at 0x137054730>,0.2,64,<class 'keras.optimizers.Adam'>
5,0.6820013701221768,0.5769728422164917,0.6364827553100607,0.6516916,<function relu at 0x1370a5d90>,128,0.25,5,150,3,<function sigmoid at 0x1370a5ea0>,<function binary_crossentropy at 0x137054730>,0.2,128,<class 'keras.optimizers.Adam'>
5,0.6957911854419486,0.565329909324646,0.6359437228703724,0.63061565,<function relu at 0x1370a5d90>,128,0.25,5,150,3,<function sigmoid at 0x1370a5ea0>,<function binary_crossentropy at 0x137054730>,0.6000000000000001,64,<class 'keras.optimizers.Adam'>
5,0.6938756688908803,0.5730918645858765,0.5942851530136959,0.69495285,<function relu at 0x1370a5d90>,128,0.25,5,150,3,<function sigmoid at 0x1370a5ea0>,<function binary_crossentropy at 0x137054730>,0.6000000000000001,128,<class 'keras.optimizers.Adam'>
10,0.6983766271256845,0.54463130235672,0.6575934816186982,0.60787576,<function relu at 0x1370a5d90>,128,0.25,10,100,1,<function sigmoid at 0x1370a5ea0>,<function binary_crossentropy at 0x137054730>,0.2,64,<class 'keras.optimizers.Adam'>
10,0.6935684875251404,0.5510995984077454,0.618306638826877,0.6472546,<function relu at 0x1370a5d90>,128,0.25,10,100,1,<function sigmoid at 0x1370a5ea0>,<function binary_crossentropy at 0x137054730>,0.2,128,<class 'keras.optimizers.Adam'>
10,0.6985214905473578,0.561448872089386,0.598311223077298,0.6749861,<function relu at 0x1370a5d90>,128,0.25,10,100,1,<function sigmoid at 0x1370a5ea0>,<function binary_crossentropy at 0x137054730>,0.6000000000000001,64,<class 'keras.optimizers.Adam'>
10,0.7200655980375421,0.582147479057312,0.5551790291246149,0.7132557,<function relu at 0x1370a5d90>,128,0.25,10,100,1,<function sigmoid at 0x1370a5ea0>,<function binary_crossentropy at 0x137054730>,0.6000000000000001,128,<class 'keras.optimizers.Adam'>
10,0.6819551511538754,0.5782665014266968,0.6519540522208296,0.6167499,<function relu at 0x1370a5d90>,128,0.25,10,100,2,<function sigmoid at 0x1370a5ea0>,<function binary_crossentropy at 0x137054730>,0.2,64,<class 'keras.optimizers.Adam'>
10,0.7039504951832365,0.5679172277450562,0.6037616900649259,0.6749861,<function relu at 0x1370a5d90>,128,0.25,10,100,2,<function sigmoid at 0x1370a5ea0>,<function binary_crossentropy at 0x137054730>,0.2,128,<class 'keras.optimizers.Adam'>
10,0.7121287952882044,0.5601552128791809,0.592911253753002,0.68441486,<function relu at 0x1370a5d90>,128,0.25,10,100,2,<function sigmoid at 0x1370a5ea0>,<function binary_crossentropy at 0x137054730>,0.6000000000000001,64,<class 'keras.optimizers.Adam'>
10,0.7798988196087994,0.5239327549934387,0.49266698617638977,0.7698281,<function relu at 0x1370a5d90>,128,0.25,10,100,2,<function sigmoid at 0x1370a5ea0>,<function binary_crossentropy at 0x137054730>,0.6000000000000001,128,<class 'keras.optimizers.Adam'>
10,0.6826058392537057,0.561448872089386,0.6414206969162787,0.6439268,<function relu at 0x1370a5d90>,128,0.25,10,100,3,<function sigmoid at 0x1370a5ea0>,<function binary_crossentropy at 0x137054730>,0.2,64,<class 'keras.optimizers.Adam'>
10,0.6939852262376043,0.5575678944587708,0.6003449095399659,0.68441486,<function relu at 0x1370a5d90>,128,0.25,10,100,3,<function sigmoid at 0x1370a5ea0>,<function binary_crossentropy at 0x137054730>,0.2,128,<class 'keras.optimizers.Adam'>
10,0.7127703068558643,0.5588615536689758,0.5608610398261599,0.71103716,<function relu at 0x1370a5d90>,128,0.25,10,100,3,<function sigmoid at 0x1370a5ea0>,<function binary_crossentropy at 0x137054730>,0.6000000000000001,64,<class 'keras.optimizers.Adam'>
10,0.7938851365605116,0.5666235685348511,0.4885635222088808,0.77648365,<function relu at 0x1370a5d90>,128,0.25,10,100,3,<function sigmoid at 0x1370a5ea0>,<function binary_crossentropy at 0x137054730>,0.6000000000000001,128,<class 'keras.optimizers.Adam'>
10,0.6754562813128413,0.5847347974777222,0.6598446242226143,0.6056572,<function relu at 0x1370a5d90>,128,0.25,10,150,1,<function sigmoid at 0x1370a5ea0>,<function binary_crossentropy at 0x137054730>,0.2,64,<class 'keras.optimizers.Adam'>
10,0.6987511601978563,0.5510995984077454,0.6136880623454593,0.66112036,<function relu at 0x1370a5d90>,128,0.25,10,150,1,<function sigmoid at 0x1370a5ea0>,<function binary_crossentropy at 0x137054730>,0.2,128,<class 'keras.optimizers.Adam'>
10,0.7242757788296659,0.5536869168281555,0.5915761191647911,0.6882973,<function relu at 0x1370a5d90>,128,0.25,10,150,1,<function sigmoid at 0x1370a5ea0>,<function binary_crossentropy at 0x137054730>,0.6000000000000001,64,<class 'keras.optimizers.Adam'>
10,0.7280481002000757,0.5265200734138489,0.5557454291543098,0.7204659,<function relu at 0x1370a5d90>,128,0.25,10,150,1,<function sigmoid at 0x1370a5ea0>,<function binary_crossentropy at 0x137054730>,0.6000000000000001,128,<class 'keras.optimizers.Adam'>
10,0.6921896491908164,0.5730918645858765,0.6398188552457097,0.6250693,<function relu at 0x1370a5d90>,128,0.25,10,150,2,<function sigmoid at 0x1370a5ea0>,<function binary_crossentropy at 0x137054730>,0.2,64,<class 'keras.optimizers.Adam'>
10,0.6946286876019654,0.5523932576179504,0.6046773147331762,0.66833055,<function relu at 0x1370a5d90>,128,0.25,10,150,2,<function sigmoid at 0x1370a5ea0>,<function binary_crossentropy at 0x137054730>,0.2,128,<class 'keras.optimizers.Adam'>
10,0.7049272009502869,0.5485122799873352,0.5774221894017736,0.7138103,<function relu at 0x1370a5d90>,128,0.25,10,150,2,<function sigmoid at 0x1370a5ea0>,<function binary_crossentropy at 0x137054730>,0.6000000000000001,64,<class 'keras.optimizers.Adam'>
10,0.7795637650909276,0.5666235685348511,0.49556611444443643,0.7698281,<function relu at 0x1370a5d90>,128,0.25,10,150,2,<function sigmoid at 0x1370a5ea0>,<function binary_crossentropy at 0x137054730>,0.6000000000000001,128,<class 'keras.optimizers.Adam'>
10,0.681561364624818,0.5498059391975403,0.642035339814851,0.62617856,<function relu at 0x1370a5d90>,128,0.25,10,150,3,<function sigmoid at 0x1370a5ea0>,<function binary_crossentropy at 0x137054730>,0.2,64,<class 'keras.optimizers.Adam'>
10,0.6886859871591664,0.5756791830062866,0.5920863058325058,0.69994456,<function relu at 0x1370a5d90>,128,0.25,10,150,3,<function sigmoid at 0x1370a5ea0>,<function binary_crossentropy at 0x137054730>,0.2,128,<class 'keras.optimizers.Adam'>
10,0.7223404404571109,0.5679172277450562,0.5675834030557592,0.718802,<function relu at 0x1370a5d90>,128,0.25,10,150,3,<function sigmoid at 0x1370a5ea0>,<function binary_crossentropy at 0x137054730>,0.6000000000000001,64,<class 'keras.optimizers.Adam'>
10,0.8027635934590368,0.5239327549934387,0.4757522914519392,0.7814753,<function relu at 0x1370a5d90>,128,0.25,10,150,3,<function sigmoid at 0x1370a5ea0>,<function binary_crossentropy at 0x137054730>,0.6000000000000001,128,<class 'keras.optimizers.Adam'>
15,0.6907017858648362,0.5627425909042358,0.6350033324226299,0.64559066,<function relu at 0x1370a5d90>,128,0.25,15,100,1,<function sigmoid at 0x1370a5ea0>,<function binary_crossentropy at 0x137054730>,0.2,64,<class 'keras.optimizers.Adam'>
15,0.7101669040873627,0.54463130235672,0.5986222640646872,0.67221296,<function relu at 0x1370a5d90>,128,0.25,15,100,1,<function sigmoid at 0x1370a5ea0>,<function binary_crossentropy at 0x137054730>,0.2,128,<class 'keras.optimizers.Adam'>
15,0.7231307720613664,0.5342820286750793,0.577583436825774,0.7066001,<function relu at 0x1370a5d90>,128,0.25,15,100,1,<function sigmoid at 0x1370a5ea0>,<function binary_crossentropy at 0x137054730>,0.6000000000000001,64,<class 'keras.optimizers.Adam'>
15,0.7886538059097675,0.5679172277450562,0.48419394641205526,0.7809207,<function relu at 0x1370a5d90>,128,0.25,15,100,1,<function sigmoid at 0x1370a5ea0>,<function binary_crossentropy at 0x137054730>,0.6000000000000001,128,<class 'keras.optimizers.Adam'>
15,0.6824863446637853,0.5937904119491577,0.6270695945255239,0.6422629,<function relu at 0x1370a5d90>,128,0.25,15,100,2,<function sigmoid at 0x1370a5ea0>,<function binary_crossentropy at 0x137054730>,0.2,64,<class 'keras.optimizers.Adam'>
15,0.6958021220075206,0.5666235685348511,0.5844167569446617,0.6943982,<function relu at 0x1370a5d90>,128,0.25,15,100,2,<function sigmoid at 0x1370a5ea0>,<function binary_crossentropy at 0x137054730>,0.2,128,<class 'keras.optimizers.Adam'>
15,0.7592755434275599,0.5265200734138489,0.5144203810049175,0.76039934,<function relu at 0x1370a5d90>,128,0.25,15,100,2,<function sigmoid at 0x1370a5ea0>,<function binary_crossentropy at 0x137054730>,0.6000000000000001,64,<class 'keras.optimizers.Adam'>
15,0.8813872842785612,0.5032341480255127,0.3836360006979024,0.84858567,<function relu at 0x1370a5d90>,128,0.25,15,100,2,<function sigmoid at 0x1370a5ea0>,<function binary_crossentropy at 0x137054730>,0.6000000000000001,128,<class 'keras.optimizers.Adam'>
15,0.681046579741568,0.5937904119491577,0.6180647602692222,0.6711037,<function relu at 0x1370a5d90>,128,0.25,15,100,3,<function sigmoid at 0x1370a5ea0>,<function binary_crossentropy at 0x137054730>,0.2,64,<class 'keras.optimizers.Adam'>
15,0.7197641333201261,0.5407503247261047,0.5516350931481262,0.7387687,<function relu at 0x1370a5d90>,128,0.25,15,100,3,<function sigmoid at 0x1370a5ea0>,<function binary_crossentropy at 0x137054730>,0.2,128,<class 'keras.optimizers.Adam'>
15,0.7795829062011541,0.54463130235672,0.5027505582197468,0.7559623,<function relu at 0x1370a5d90>,128,0.25,15,100,3,<function sigmoid at 0x1370a5ea0>,<function binary_crossentropy at 0x137054730>,0.6000000000000001,64,<class 'keras.optimizers.Adam'>
15,0.882398106456574,0.54463130235672,0.3562701009937081,0.8557959,<function relu at 0x1370a5d90>,128,0.25,15,100,3,<function sigmoid at 0x1370a5ea0>,<function binary_crossentropy at 0x137054730>,0.6000000000000001,128,<class 'keras.optimizers.Adam'>
15,0.6860131005266197,0.5717982053756714,0.6313829822667228,0.651137,<function relu at 0x1370a5d90>,128,0.25,15,150,1,<function sigmoid at 0x1370a5ea0>,<function binary_crossentropy at 0x137054730>,0.2,64,<class 'keras.optimizers.Adam'>
15,0.7013251583295529,0.5575678944587708,0.5854938524799485,0.69828063,<function relu at 0x1370a5d90>,128,0.25,15,150,1,<function sigmoid at 0x1370a5ea0>,<function binary_crossentropy at 0x137054730>,0.2,128,<class 'keras.optimizers.Adam'>
15,0.7435853830592907,0.5148770809173584,0.5622220770293187,0.708264,<function relu at 0x1370a5d90>,128,0.25,15,150,1,<function sigmoid at 0x1370a5ea0>,<function binary_crossentropy at 0x137054730>,0.6000000000000001,64,<class 'keras.optimizers.Adam'>
15,0.8041294271856508,0.5368693470954895,0.4198619675715632,0.8241819,<function relu at 0x1370a5d90>,128,0.25,15,150,1,<function sigmoid at 0x1370a5ea0>,<function binary_crossentropy at 0x137054730>,0.6000000000000001,128,<class 'keras.optimizers.Adam'>
15,0.6962729105665644,0.5692108869552612,0.6187034846343931,0.65723795,<function relu at 0x1370a5d90>,128,0.25,15,150,2,<function sigmoid at 0x1370a5ea0>,<function binary_crossentropy at 0x137054730>,0.2,64,<class 'keras.optimizers.Adam'>
15,0.7108665376246207,0.5705045461654663,0.5758402660960167,0.7043816,<function relu at 0x1370a5d90>,128,0.25,15,150,2,<function sigmoid at 0x1370a5ea0>,<function binary_crossentropy at 0x137054730>,0.2,128,<class 'keras.optimizers.Adam'>
15,0.7451239033550371,0.5717982053756714,0.5233187295963416,0.73710483,<function relu at 0x1370a5d90>,128,0.25,15,150,2,<function sigmoid at 0x1370a5ea0>,<function binary_crossentropy at 0x137054730>,0.6000000000000001,64,<class 'keras.optimizers.Adam'>
15,0.8489662330949446,0.5252264142036438,0.3900787507700907,0.8463672,<function relu at 0x1370a5d90>,128,0.25,15,150,2,<function sigmoid at 0x1370a5ea0>,<function binary_crossentropy at 0x137054730>,0.6000000000000001,128,<class 'keras.optimizers.Adam'>
15,0.6980677638757121,0.5510995984077454,0.6091287265998154,0.6550194,<function relu at 0x1370a5d90>,128,0.25,15,150,3,<function sigmoid at 0x1370a5ea0>,<function binary_crossentropy at 0x137054730>,0.2,64,<class 'keras.optimizers.Adam'>
15,0.7201067355363828,0.5433376431465149,0.5476017023415547,0.73710483,<function relu at 0x1370a5d90>,128,0.25,15,150,3,<function sigmoid at 0x1370a5ea0>,<function binary_crossentropy at 0x137054730>,0.2,128,<class 'keras.optimizers.Adam'>
15,0.7566832240001042,0.565329909324646,0.5020934941863855,0.7637271,<function relu at 0x1370a5d90>,128,0.25,15,150,3,<function sigmoid at 0x1370a5ea0>,<function binary_crossentropy at 0x137054730>,0.6000000000000001,64,<class 'keras.optimizers.Adam'>
15,0.9187770241830513,0.5329883694648743,0.3624790134492082,0.8397116,<function relu at 0x1370a5d90>,128,0.25,15,150,3,<function sigmoid at 0x1370a5ea0>,<function binary_crossentropy at 0x137054730>,0.6000000000000001,128,<class 'keras.optimizers.Adam'>
